{"cameraMode":{"drawMode":0,"name":"Shaded","section":"Shading Mode"},"sceneLighting":true,"audioPlay":false,"sceneViewState":{"showFog":true,"showMaterialUpdate":false,"showSkybox":false,"showFlares":true,"showImageEffects":true,"showParticleSystems":true,"showVisualEffectGraphs":true,"m_FxEnabled":true},"in2DMode":false,"pivot":{"x":5.2412238121032719,"y":0.1956825852394104,"z":2.512129783630371},"rotation":{"x":-0.16603948175907136,"y":-0.06209874898195267,"z":0.009524707682430745,"w":-0.9841846823692322},"size":4.3321967124938969,"orthographic":false}