{"cameraMode":{"drawMode":0,"name":"Shaded","section":"Shading Mode"},"sceneLighting":true,"audioPlay":false,"sceneViewState":{"showFog":true,"showMaterialUpdate":false,"showSkybox":false,"showFlares":true,"showImageEffects":true,"showParticleSystems":true,"showVisualEffectGraphs":true,"m_FxEnabled":true},"in2DMode":false,"pivot":{"x":2.0818583965301515,"y":-34.52467346191406,"z":22.909381866455079},"rotation":{"x":-0.4444099962711334,"y":0.015266653150320053,"z":-0.008519981987774372,"w":-0.8957216739654541},"size":30.480480194091798,"orthographic":false}