{"cameraMode":{"drawMode":0,"name":"Shaded","section":"Shading Mode"},"sceneLighting":false,"audioPlay":false,"sceneViewState":{"showFog":true,"showMaterialUpdate":false,"showSkybox":false,"showFlares":true,"showImageEffects":true,"showParticleSystems":true,"showVisualEffectGraphs":true,"m_FxEnabled":true},"in2DMode":false,"pivot":{"x":0.39639121294021609,"y":-0.00033590407110750675,"z":-0.1160217747092247},"rotation":{"x":-0.05025358125567436,"y":0.6624668836593628,"z":-0.045861534774303439,"w":-0.7461097836494446},"size":0.01383592002093792,"orthographic":false}